id;tipologia;n_posti;anno;tot_bici;codice_via;civico;edificio;;;;
99;Metallo 4 posti;4;2023;8;300;24;;;;;
52;Verona 90;6;2022;6;1600;6;;;;;
55;Verona 90;6;2022;12;880;32;BIBLIOTECA GIOVANILE;;;;
53;Archetto;2;2022;10;1350;;;;;;
201;Arco;6;2023;6;4089;;;;;;
337;4 posti doppia;8;2023;24;2990;7;;;;;
211;Verona 90;6;2022;6;2230;;;;;;
19;4 posti con gancio;4;2022;4;1200;6;;;;;
35;Metallo 4 posti;4;2022;52;3440;26;FACOLTA' SOCIOLOGIA;;;;
36;Metallo 4 posti;4;2022;36;3440;26;FACOLTA' SOCIOLOGIA;;;;
162;Con gancio 7 posti;7;2022;14;3842;3;BUC;;;;
163;Con gancio 5 posti;5;2022;10;3842;3;BUC;;;;
38;Metallo 4 posti;4;2022;8;3710;4;;;;;
2;Metallo 4 posti;4;2022;8;3300;24;BIBLIOTECA;;;;
40;Metallo 4 posti;4;2022;4;2990;4;;;;;
46;Metallo 4 posti;4;2022;4;1130;6;;;;;
47;Metallo 4 posti;4;2022;4;1130;5;;;;;
48;Metallo 4 posti;4;2022;4;1130;3;;;;;
80;Verona 90;6;2022;18;2820;86;"SCUOLA PRIMARIA ""R. SANZIO""";;;;
446;Bronzetti 5 posti;5;2024;5;2080;22;"SCUOLA PRIMARIA ""O. WINKLER""";;;;
212;Androna;4;2023;12;3720;160;;;;;
226;Androna;4;2023;16;3720;150;;;;;
172;Archetto;2;2023;10;1930;1;"PIAZZALE ""MONTE BALDO""";;;;
137;Verona 90;6;2022;12;1920;36;"OSPEDALE ""S. CAMILLO""";;;;
171;Archetto;2;2023;10;1930;1;"PIAZZALE ""MONTE BALDO""";;;;
173;Archetto;2;2023;10;1930;1;"PIAZZALE ""MONTE BALDO""";;;;
10;Verona 90;6;2022;6;230;1;;;;;
338;Metallo 4 posti;4;2023;4;1690;;;;;;
340;Metallo 5 posti;5;2023;5;1690;;;;;;
341;Metallo 4 posti;4;2023;12;1690;;;;;;
125;Arco;10;2023;10;3842;7;;;;;
155;Arco;10;2023;10;3842;7;;;;;
159;Arco;10;2023;10;3842;7;;;;;
122;Con gancio 5 posti;5;2023;5;3842;7;;;;;
223;Androna;5;2022;5;5400;;;;;;
6;Verona 90;6;2022;12;240;3;UFFICI COMUNALI PALAZZO THUN;;;;
17;Metallo 4 posti;4;2022;4;2860;45;;;;;
224;Androna;5;2022;5;5904;;;;;;
488;Archetto;2;2024;6;4056;;;;;;
502;Spirale;5;2025;5;3640;18;SCUOLA INFANZIA;;;;
339;Metallo 3 posti;3;2023;6;1690;;;;;;
225;Androna;5;2022;5;5904;;;;;;
202;4 posti doppia;8;2022;8;1010;;"PIAZZALE ""ZUFFO""";;;;
167;Con gancio 5 posti;5;2022;5;4067;;;;;;
170;Con gancio doppia;5;2022;5;3844;1;;;;;
41;Metallo 4 posti;4;2022;12;2480;86;;;;;
9;Metallo 4 posti;4;2022;8;230;8;;;;;
174;Archetto;2;2023;10;1930;1;"PIAZZALE ""MONTE BALDO""";;;;
15;Metallo 4 posti;4;2022;4;2970;16;"LICEO MUSICALE E COREUTICO ""F.A. BONPORTI""";;;;
16;Metallo 4 posti;4;2022;12;2970;16;"LICEO MUSICALE E COREUTICO ""F.A. BONPORTI""";;;;
282;Bronzetti 5 posti;5;2022;5;2290;1;"CONSERVATORIO MUSICA ""F.A. BONPORTI""";;;;
330;Bronzetti 5 posti;5;2022;5;3150;24;"ASILO NIDO ""LA TROTTOLA""";;;;
445;Salè;9;2023;9;4087;;PARCO;;;;
331;Bronzetti 5 posti;5;2022;5;3150;26;"SCUOLA INFANZIA ""IL QUADRIFOGLIO""";;;;
441;Bronzetti 5 posti;5;2023;15;3320;4;"SCUOLA SECONDARIA ""G. BRESADOLA""";;;;
503;Archetto;2;2025;30;3510;61;"SCUOLA SECONDARIA ""BRONZETTI-SEGANTINI2";;;;
504;Archetto;2;2025;10;5610;18;IMPIANTO SPORTIVO TN NORD;;;;
505;Archetto;2;2025;10;5610;18;IMPIANTO SPORTIVO TN NORD;;;;
506;Archetto;2;2025;10;5610;18;IMPIANTO SPORTIVO TN NORD;;;;
507;Archetto;2;2025;22;1040;18;;;;;
508;Archetto;2;2025;6;1400;37;;;;;
510;Metallo 2 posti;2;2025;2;2110;13;UFFICI COMUNALI ;;;;
342;Archetto;2;2023;10;5903;;;;;;
13;Verona 90;6;2022;6;80;1;;;;;
5;Verona 90;6;2022;6;240;3;UFFICI COMUNALI PALAZZO THUN;;;;
343;Archetto;2;2023;10;5903;;;;;;
344;Metallo 4 posti;4;2023;8;610;1;;;;;
345;Metallo 4 posti;4;2023;4;610;7;;;;;
11;Verona 90;6;2022;6;230;1;;;;;
346;Bronzetti 5 posti;5;2023;5;8534;26;;;;;
349;Rotonda 6 posti;6;2023;6;8546;;;;;;
192;Verona 45;6;2023;6;3310;;;;;;
18;Metallo 4 posti;4;2022;16;610;21;;;;;
352;Metallo 4 posti;4;2023;4;8027;8;;;;;
281;Rotonda 8 posti;8;2022;8;2290;1;"CONSERVATORIO MUSICA ""F.A. BONPORTI""";;;;
283;Rotonda 8 posti;8;2022;8;2290;1;"CONSERVATORIO MUSICA ""F.A. BONPORTI""";;;;
348;A pavimento 6 posti;6;2023;6;8419;9;;;;;
30;Metallo 4 posti;4;2022;8;1260;22;;;;;
457;Archetto;2;2024;12;1990;33;;;;;
458;Archetto;2;2024;20;2000;1;;;;;
49;Archetto;2;2022;34;2780;6;"SCUOLA PRIMARIA ""F. CRISPI""";;;;
21;Verona 90;6;2022;12;2620;9;;;;;
50;Archetto;2;2022;24;2780;8;"SCUOLA PRIMARIA ""F. CRISPI""";;;;
328;Bronzetti 5 posti;5;2022;5;3150;22;"SCUOLA PRIMARIA ""A. GORFER""";;;;
351;Archetto;2;2023;14;8122;7;"SCUOLA PRIMARIA ""CADINE""";;;;
325;Vela;4;2023;4;3390;4;;;;;
350;Rotonda 6 posti;6;2023;6;8546;;;;;;
347;Archetto;2;2023;6;8534;38;;;;;
354;Androna;5;2023;5;8072;1;"SCUOLA PRIMARIA ""S. PERTINI""";;;;
453;Canova;6;2024;6;8470;40;"SCUOLA PRIMARIA ""E. DE CARLI""";;;;
32;Metallo 4 posti;4;2022;8;1260;3;;;;;
269;Archetto;2;2022;8;2370;1;COMMISSARIATO DEL GOVERNO;;;;
82;Bronzetti 5 posti;5;2022;10;2880;103;"SCUOLA PRIMARIA ""D. SAVIO""";;;;
83;Archetto;2;2022;30;2880;103;"SCUOLA PRIMARIA ""D. SAVIO""";;;;
329;Bronzetti 7 posti;7;2022;7;3150;22;"SCUOLA PRIMARIA ""A. GORFER""";;;;
403;Androna;5;2023;5;8072;1;"SCUOLA PRIMARIA ""S. PERTINI""";;;;
418;Archetto;2;2023;8;7686;2;"SCUOLA PRIMARIA ""E. BERNARDI""";;;;
23;Metallo 3 posti;3;2022;18;1070;1;;;;;
24;Metallo 5 posti;5;2022;5;3490;6;;;;;
439;Bronzetti 7 posti;5;2023;5;7750;1;"SCUOLA SECONDARIA ""A. FOGAZZARO""";;;;
440;Archetto;2;2023;10;2080;22;"SCUOLA PRIMARIA ""O. WINKLER""";;;;
284;Rotonda 8 posti;8;2022;8;2290;1;"CONSERVATORIO MUSICA ""F.A. BONPORTI""";;;;
26;Metallo 4 posti;4;2022;8;1550;30;;;;;
437;Metallo 4 posti;4;2023;4;8920;;PARCO;;;;
313;Metallo 4 posti;4;2022;12;1050;13;"SCUOLA PRIMARIA ""CLARINA""";;;;
31;Garzetti;12;2022;12;1260;16;;;;;
419;Archetto;2;2023;6;7686;2;TEATRO COMUNALE;;;;
93;3 posti doppia;6;2022;6;3510;50;;;;;
95;3 posti doppia;6;2022;6;3510;30;;;;;
420;Archetto;2;2023;8;7686;79;"PARCHEGGIO ""ORRIDO""";;;;
431;Archetto;2;2023;14;8780;5;;;;;
432;Rotonda 6 posti;6;2023;6;8870;2;CENTRO CIVICO;;;;
433;Rotonda 6 posti;6;2023;6;8870;2;CENTRO CIVICO;;;;
77;Bronzetti 7 posti;7;2022;7;460;1;UFFICI COMUNALI;;;;
78;Bronzetti 6 posti;6;2022;6;460;1;UFFICI COMUNALI;;;;
20;Metallo 4 posti;4;2022;12;1200;6;;;;;
436;Metallo 4 posti;4;2023;4;8920;;PARCO;;;;
22;Metallo 4 posti;4;2022;12;1070;1;;;;;
51;Metallo 5 posti;5;2022;5;3340;36;;;;;
56;Metallo 4 posti;4;2022;12;880;32;BIBLIOTECA GIOVANILE;;;;
438;Metallo 4 posti;4;2023;4;8960;8;;;;;
57;Metallo 5 posti;5;2022;5;3370;23;;;;;
404;Metallo 4 posti;4;2023;4;7785;23;CIMITERO MATTARELLO;;;;
405;Mattarello;4;2023;8;7730;4;CENTRO CIVICO MATTARELLO;;;;
406;A pavimento 4 posti;4;2023;4;7730;6;CIRCOLO ANZIANI MATTARELLO;;;;
68;Corten;10;2022;10;5903;;;;;;
355;Androna;5;2023;5;8072;1;"SCUOLA PRIMARIA ""S. PERTINI""";;;;
63;Archetto;2;2022;18;400;99;;;;;
64;Archetto;2;2022;58;400;99;;;;;
75;Bronzetti 7 posti;7;2022;14;460;1;UFFICI COMUNALI;;;;
356;Androna;5;2023;5;8072;1;"SCUOLA PRIMARIA ""S. PERTINI""";;;;
103;Foti 6 posti;6;2022;6;880;1;STAZIONE - TRENTO CENTRO;;;;
357;Androna;5;2023;5;8072;1;"SCUOLA PRIMARIA ""S. PERTINI""";;;;
358;Androna;5;2023;5;8072;1;"SCUOLA PRIMARIA ""S. PERTINI""";;;;
359;Androna;5;2023;5;8072;1;"SCUOLA PRIMARIA ""S. PERTINI""";;;;
400;Androna;5;2023;5;8072;1;"SCUOLA PRIMARIA ""S. PERTINI""";;;;
69;Corten;10;2022;20;5903;;;;;;
401;Androna;5;2023;5;8072;1;"SCUOLA PRIMARIA ""S. PERTINI""";;;;
402;Androna;5;2023;5;8072;1;"SCUOLA PRIMARIA ""S. PERTINI""";;;;
442;Rotonda 6 posti;6;2023;6;3320;4;"SCUOLA SECONDARIA ""G. BRESADOLA""";;;;
443;Bronzetti 7 posti;7;2023;21;3320;4;"SCUOLA SECONDARIA ""G. BRESADOLA""";;;;
107;Archetto;2;2022;14;2650;17;;;;;
444;Bronzetti 7 posti;6;2023;12;3320;4;"SCUOLA SECONDARIA ""G. BRESADOLA""";;;;
70;Archetto;2;2023;20;5903;;;;;;
76;Bronzetti 5 posti;5;2022;15;460;1;UFFICI COMUNALI;;;;
100;Metallo 4 posti;4;2022;20;880;13;STAZIONE - TRENTO CENTRO;;;;
101;Dante;6;2022;42;880;9;STAZIONE - TRENTO CENTRO;;;;
102;Dante;6;2022;18;880;9;STAZIONE - TRENTO CENTRO;;;;
104;Foti 4 posti;4;2022;4;880;1;STAZIONE - TRENTO CENTRO;;;;
67;Onda;6;2022;6;5080;19;PARCO RONCAFORT;;;;
72;Metallo 4 posti;4;2022;4;3370;15;;;;;
73;Metallo 4 posti;4;2022;8;2670;102;;;;;
54;Metallo 4 posti;4;2022;8;1500;1;;;;;
299;Verona 90;6;2022;6;400;312;UFFICI COMUNALI TOP CENTER;;;;
66;Onda;6;2022;12;5080;19;PARCO RONCAFORT;;;;
105;Metallo 4 posti;4;2022;8;3310;40;;;;;
106;Metallo 4 posti;4;2022;8;2650;3;;;;;
407;Rotonda 6 posti;6;2023;6;7730;6;CIRCOLO ANZIANI MATTARELLO;;;;
164;Con gancio 5 posti;5;2022;5;3842;6;;;;;
408;Archetto;2;2023;10;7730;11;SCUOLA PRIMARIA MATTARELLO;;;;
165;Con gancio 5 posti;5;2022;5;3842;6;;;;;
410;Bronzetti 7 posti;7;2023;7;7750;1;"SCUOLA SECONDARIA ""A. FOGAZZARO""";;;;
157;Spirale;6;2022;18;3690;1;;;;;
158;Spirale;6;2022;6;3440;27;;;;;
128;Metallo 4 posti;4;2022;8;1400;2;;;;;
84;Archetto;2;2022;24;3530;4;;;;;
411;Bronzetti 7 posti;7;2023;7;7750;1;"SCUOLA SECONDARIA ""A. FOGAZZARO""";;;;
136;Bronzetti 5 posti;5;2022;10;210;24;;;;;
151;Archetto Venezia;3;2022;3;1400;1;;;;;
152;Archetto Venezia;3;2022;3;1400;1;;;;;
448;Rotonda 6 posti;6;2024;6;2080;22;"SCUOLA PRIMARIA ""O. WINKLER""";;;;
449;Rotonda 6 posti;6;2024;6;2080;22;"SCUOLA PRIMARIA ""O. WINKLER""";;;;
160;Con gancio 9 posti;9;2022;9;1600;6;CIMITERO TRENTO;;;;
447;Bronzetti 5 posti;5;2024;5;2080;22;"SCUOLA PRIMARIA ""O. WINKLER""";;;;
450;Bronzetti 5 posti;5;2024;5;2080;22;"SCUOLA PRIMARIA ""O. WINKLER""";;;;
129;Metallo 4 posti;4;2022;8;1400;2;;;;;
153;Verona 90;6;2022;6;1400;5;;;;;
127;Verona 90;6;2022;12;3400;;;;;;
409;Archetto;2;2023;10;7755;5;;;;;
156;Spirale;6;2022;12;3690;16;;;;;
413;Bronzetti 7 posti;7;2023;7;7700;1;PARCO MATTARELLO;;;;
161;Con gancio 5 posti;5;2022;15;3842;14;;;;;
412;Bronzetti 7 posti;7;2023;7;7700;1;PARCO MATTARELLO;;;;
166;Con gancio 5 posti;5;2022;5;4067;;;;;;
131;Metallo 4 posti;4;2022;20;2750;2;;;;;
132;Metallo 4 posti;4;2022;12;1260;26;;;;;
133;Metallo 5 posti;5;2022;10;210;2;;;;;
134;Metallo 4 posti;4;2022;4;210;2;;;;;
130;Verona 90;6;2022;12;1400;2;;;;;
435;Bronzetti 5 posti;5;2023;5;8760;2;PALESTRA;;;;
415;Metallo 4 posti;4;2023;4;6160;4;;;;;
416;Argentario;4;2023;4;6198;13;CENTRO CIVICO COGNOLA;;;;
417;Argentario;4;2023;4;6198;9;BIBILOTECA COMUNALE;;;;
191;Verona 45;6;2022;6;3190;3;"SCUOLA PRIMARIA ""B. S. BELLESINI""";;;;
120;Metallo 4 posti;4;2022;4;1220;31;;;;;
422;Spirale;6;2023;6;7503;1;BIBILIOTECA COMUNALE;;;;
178;3 posti doppia;6;2022;6;1520;83;;;;;
179;3 posti doppia;6;2022;6;480;22;;;;;
421;Archetto;2;2023;10;6485;2;NIDO MARTINGNANO;;;;
451;Bronzetti 5 posti;5;2024;5;2080;22;"SCUOLA PRIMARIA ""O. WINKLER""";;;;
452;Rotonda 6 posti;6;2024;6;2080;22;"SCUOLA PRIMARIA ""O. WINKLER""";;;;
454;Canova;6;2024;6;8470;40;"SCUOLA PRIMARIA ""E. DE CARLI""";;;;
455;Canova;6;2024;6;8470;40;"SCUOLA PRIMARIA ""E . DE CARLI""";;;;
456;Bronzetti 5 posti;5;2024;5;8492;21;"SCUOLA PRIMARIA ""I CALVINO""";;;;
90;Rosmini;6;2022;24;2670;29;FACOLTA' GIURISPRUDENZA;;;;
180;Metallo 4 posti;4;2022;4;480;26;;;;;
89;Rosmini;6;2022;6;2670;29;FACOLTA' GIURISPRUDENZA;;;;
91;Rosmini;6;2022;30;2670;27;FACOLTA' GIURISPRUDENZA;;;;
175;Gar 8 posti;8;2022;8;1220;14;FACOLTA' LETTERE;;;;
423;Spirale;6;2023;6;7503;1;BIBLIOTECA COMUNALE;;;;
227;Verona 45;6;2022;6;1370;82;;;;;
181;Metallo 4 posti;4;2022;8;480;55;;;;;
424;Metallo 4 posti;4;2023;4;7380;9;;;;;
425;Spirale;6;2023;6;7460;1;;;;;
426;Spirale;6;2023;6;7460;1;;;;;
183;3 posti doppia;6;2022;6;480;40;;;;;
205;Verona 90;6;2022;6;2940;4;;;;;
184;Androna;4;2022;8;480;46;;;;;
219;A pavimento 5 posti;5;2022;5;5290;23;CENTRO SPORTIVO TN NORD;;;;
218;A pavimento 5 posti;5;2022;5;5290;23;CENTRO SPORTIVO TN NORD;;;;
108;Archetto;2;2022;6;2650;17;;;;;
118;Archetto;2;2022;14;3150;78;;;;;
121;Archetto;2;2022;8;1415;17;;;;;
427;Spirale;6;2023;6;7460;1;;;;;
186;Metallo 4 posti;4;2022;8;480;50;;;;;
190;Metallo 4 posti;4;2022;4;570;30;;;;;
189;Metallo 4 posti;4;2022;4;570;30;;;;;
193;Metallo 5 posti;5;2022;5;570;1;;;;;
210;Verona 90;6;2022;6;430;3;;;;;
428;Corten;10;2024;10;7485;;;;;;
204;Verona 45;6;2022;6;2390;28;;;;;
429;Salè;10;2023;10;7350;;PARCO;;;;
430;Androna;5;2023;5;7350;;;;;;
434;Bronzetti 5 posti;5;2023;5;8760;2;PALESTRA;;;;
236;Androna;5;2022;5;5500;15;;;;;
239;Androna;5;2022;5;5500;10;;;;;
237;Androna;5;2022;5;5500;10;;;;;
231;Verona 90;6;2022;6;1160;4;;;;;
233;Metallo 4 posti;4;2022;12;40;2;"INFANZIA ""S. ANTONIO""";;;;
230;Metallo 4 posti;4;2022;4;1160;4;;;;;
232;Metallo 4 posti;4;2022;4;3470;15;;;;;
245;Canova;6;2022;6;5090;61;PARCO;;;;
235;Metallo 4 posti;4;2022;8;5480;3;UFFICI COMUNALI;;;;
234;Metallo 3 posti;3;2022;3;5480;3;;;;;
489;Salè;10;2024;10;7350;;;;;;
490;Androna;5;2025;5;480;14;;;;;
497;Bronzetti 5 posti;1;2025;5;8945;8;;;;;
249;Archetto;2;2022;20;5290;23;"CENTRO SPORTIVO ""TN NORD""";;;;
250;Archetto;2;2022;10;1160;4;"CENTRO SPORTIVO ""G. MANAZZON""";;;;
251;Archetto;2;2022;10;1160;4;"CENTRO SPORTIVO ""G. MANAZZON""";;;;
252;Archetto;2;2022;40;1120;11;"PALAZZETTO DELLO SPORT ""BLM GROUP ARENA""";;;;
491;Androna;5;2025;5;480;14;;;;;
238;Androna;5;2022;5;5500;10;;;;;
257;Rotonda 6 posti;6;2022;6;2950;65;"AUDITORIUM ""S. CHIARA""";;;;
492;Archetto Sanzio;2;2025;16;3030;13;;;;;
187;Androna;4;2022;4;480;72;;;;;
188;Androna;4;2022;4;480;72;;;;;
258;Rotonda 9 posti 45;9;2022;9;2950;67;"AUDITORIUM ""S. CHIARA""";;;;
213;Archetto;2;2022;8;2850;4;;;;;
217;Bronzetti 6 posti;6;2022;6;5290;23;CENTRO SPORTIVO TN NORD;;;;
260;Rotonda 6 posti;6;2022;6;2950;67;"AUDITORIUM ""S. CHIARA""";;;;
185;Archetto;2;2022;10;480;46;"SCUOLA SECONDARIA ""A. MANZONI""";;;;
200;Archetto;2;2022;24;3650;6;"SCUOLA PRIMARIA ""A. SCHMID""";;;;
215;Archetto;2;2022;12;5290;15;"SCUOLA SECONDARIA ""S. PEDROLLI""";;;;
253;Archetto;2;2022;4;3190;3;"SCUOLA PRIMARIA ""B. S. BELLESINI""";;;;
176;Gar 6 posti;6;2022;6;1220;14;FACOLTA' LETTERE;;;;
270;Archetto;2;2022;10;2370;1;COMMISSIARIATO DEL GOVERNO;;;;
273;Bronzetti 5 posti;5;2022;5;4069;;;;;;
493;Archetto Sanzio;2;2025;12;3030;13;;;;;
240;Metallo 4 posti;4;2022;4;5101;40;;;;;
241;Metallo 4 posti;4;2022;12;5101;5;PALAZZO CRIVELLI - UFFICI COMUNALI;;;;
242;Metallo 4 posti;4;2022;8;5500;6;;;;;
243;Gardolo;4;2022;4;5010;6;CIMITERO GARDOLO;;;;
244;Gardolo;4;2022;4;5340;80;CIMITERO GARDOLO;;;;
259;Rotonda 6 posti;6;2022;6;2950;67;"AUDITORIUM ""S. CHIARA""";;;;
494;Archetto Sanzio;2;2025;22;3030;13;;;;;
495;Archetto Sanzio;2;2025;16;3030;13;;;;;
496;Archetto Sanzio;2;2025;4;3030;13;;;;;
498;Bronzetti 5 posti;1;2025;5;8945;8;;;;;
58;Metallo 4 posti;4;2022;8;700;12;;;;;
59;Metallo 4 posti;4;2022;12;1730;73;;;;;
60;Rotonda 6 posti;6;2022;6;400;312;UFFICI COMUNALI TOP CENTER;;;;
65;Onda;6;2022;6;5080;19;PARCO RONCAFORT;;;;
261;Rotonda 6 posti;6;2022;6;2950;67;"AUDITORIUM ""S. CHIARA""";;;;
74;Metallo 4 posti;4;2022;8;4085;;;;;;
79;Muredei;6;2022;6;4084;;;;;;
42;Rotonda 4 posti;4;2022;4;50;2;;;;;
81;Metallo 4 posti;4;2022;4;1060;21;;;;;
85;Metallo 4 posti;4;2022;4;1350;54;;;;;
86;Metallo 4 posti;4;2022;4;1350;54;;;;;
87;Metallo 4 posti;4;2022;4;1810;4;;;;;
88;Rotonda 6 posti;6;2022;6;1350;35;;;;;
92;Metallo 4 posti;4;2022;12;400;230;;;;;
94;Metallo 3 posti;3;2022;3;3510;50;;;;;
96;Rotonda 3 posti ;3;2022;3;3510;48;;;;;
97;Metallo 4 posti;4;2022;12;3510;20;;;;;
98;Metallo 4 posti;4;2022;4;3510;39;;;;;
109;Metallo 5 posti;5;2022;5;1730;16;;;;;
110;Metallo 5 posti;5;2022;5;1730;16;;;;;
111;Metallo 4 posti;4;2022;4;1730;13;;;;;
112;Rotonda 6 posti;6;2022;6;3050;28;;;;;
113;Rotonda 6 posti;6;2022;6;3050;28;;;;;
114;Metallo 5 posti;5;2022;15;3640;12;;;;;
115;Metallo 5 posti;5;2022;10;3640;12;;;;;
116;Rotonda 6 posti;6;2022;6;1730;49;;;;;
117;Metallo 4 posti;4;2022;8;1660;53;;;;;
123;Metallo 4 posti;4;2022;8;740;11;;;;;
124;Metallo 4 posti;4;2022;12;740;11;;;;;
126;Metallo 4 posti;4;2022;16;3400;;;;;;
135;Metallo 4 posti;4;2022;8;210;2;;;;;
144;Metallo 4 posti;4;2022;4;2450;1;;;;;
145;Metallo 4 posti;4;2022;8;2450;1;;;;;
146;Metallo 4 posti;4;2022;4;2450;1;;;;;
147;Metallo 4 posti;4;2022;12;2450;1;;;;;
148;Metallo 4 posti;4;2022;8;2450;1;;;;;
149;Metallo 4 posti;4;2022;12;1400;1;;;;;
150;Metallo 4 posti;4;2022;12;1400;1;;;;;
154;Rotonda 5 posti;5;2022;5;2495;60;;;;;
168;Michelin;9;2022;9;4067;;;;;;
169;Michelin;9;2022;9;4067;;;;;;
263;Metallo 4 posti;4;2022;4;3350;15;;;;;
216;Pedrolli;18;2022;18;5290;15;"SCUOLA SECONDARIA ""S. PEDROLLI""";;;;
222;Rotonda 6 posti;6;2022;12;5290;42;SCUOLA PRIMARIA PIGARELLI;;;;
119;Metallo 4 posti;4;2022;4;1220;29;;;;;
194;Metallo 5 posti;5;2022;5;100;28;;;;;
195;Metallo 4 posti;4;2022;4;1970;3;;;;;
196;Metallo 4 posti;4;2022;4;100;18;;;;;
197;Metallo 5 posti;5;2022;5;2070;3;;;;;
198;Metallo 5 posti;5;2022;5;2070;3;;;;;
199;Maccani;10;2022;30;1570;146;UFFICI COMUNALI;;;;
203;Metallo 4 posti;4;2022;8;960;5;;;;;
206;Metallo 4 posti;4;2022;4;2400;4;MUSEO GALLERIE PIEDICASTELLO;;;;
207;Metallo 4 posti;4;2022;4;2400;4;MUSEO GALLERIE PIEDICASTELLO;;;;
208;Metallo 5 posti;5;2022;5;2400;4;MUSEO GALLERIE PIEDICASTELLO;;;;
209;Metallo 4 posti;4;2022;4;2400;4;MUSEO GALLERIE PIEDICASTELLO;;;;
214;Metallo 4 posti;4;2022;4;5290;103;;;;;
228;Metallo 4 posti;4;2022;4;1160;48;;;;;
229;Metallo 4 posti;4;2022;4;1160;4;;;;;
459;Archetto;2;2024;12;5290;;"SCUOLA SECONDARIA ""PEDROLLI""";;;;
248;Metallo 4 posti;4;2022;4;1850;9;"OSPEDALE ""S. CHIARA""";;;;
177;Gar 6 posti;6;2022;6;1220;14;FACOLTA' LETTERE;;;;
464;Arco;4;2024;4;5470;;;;;;
465;Arco;4;2024;4;5470;;;;;;
264;Metallo 3 posti;3;2022;6;3350;49;;;;;
265;Metallo 4 posti;4;2022;8;3350;49;;;;;
266;Metallo 4 posti;4;2022;8;1890;2;;;;;
268;Metallo 4 posti;4;2022;4;2330;161;;;;;
267;Metallo 4 posti;4;2022;8;2330;161;;;;;
271;Metallo 4 posti;4;2022;12;2370;3;;;;;
272;Metallo 4 posti;4;2022;8;1890;7;;;;;
255;Rotonda 9 posti;9;2022;9;2950;65;"AUDITORIUM ""S. CHIARA""";;;;
256;Rotonda 7 posti;7;2022;7;2950;65;"AUDITORIUM ""S. CHIARA""";;;;
462;Metallo 4 posti;4;2024;4;2850;4;;;;;
463;Arco;4;2021;4;5470;;;;;;
466;Arco;4;2024;4;5470;;;;;;
467;Arco;4;2024;4;5470;;;;;;
468;Argentario;2;2024;4;5470;;;;;;
469;Argentario;2;2024;6;5470;;;;;;
460;Archetto;2;2024;8;6485;;;;;;
470;Archetto;2;2024;8;6485;;;;;;
262;Rotonda 6 posti;6;2022;6;2950;67;"AUDITORIUM ""S. CHIARA""";;;;
275;Metallo 4 posti;4;2022;8;2730;6;;;;;
278;Metallo 4 posti;4;2022;8;3360;1;;;;;
279;Pietra 3 posti;3;2022;3;1890;27;;;;;
246;Metallo 5 posti;5;2022;5;5260;34;BOCCIODROMO;;;;
247;Metallo 5 posti;5;2022;5;5260;34;BOCCIODROMO;;;;
285;Metallo 5 posti;5;2022;5;5595;10;;;;;
287;Sportiva;6;2022;6;5530;40;CAMPO SPORTIVO;;;;
288;Sportiva;6;2022;6;5530;40;CAMPO SPORTIVO;;;;
289;Sportiva;6;2022;6;5530;40;CAMPO SPORTIVO;;;;
290;Sportiva;6;2022;6;5530;40;CAMPO SPORTIVO;;;;
291;Sportiva;6;2022;6;5530;40;CAMPO SPORTIVO;;;;
499;A pavimento 5 posti;1;2025;5;8023;15;;;;;
509;Archetto;2;2025;4;1400;41;;;;;
297;A pavimento 5 posti;5;2022;5;3511;5;CAMPO SPORIVO CAMPO CONI;;;;
300;Metallo 4 posti;4;2022;12;1710;53;;;;;
286;2 posti doppia;4;2022;4;5480;7;;;;;
292;Rotonda 6 posti;6;2022;6;1480;;SCUOLA PRIMARIA A. SCHMIDT;;;;
293;Rotonda 4 posti;4;2022;8;3660;3;"SCUOLA INFANZIA CRISTO RE ""PICCOLO PRINCIPE""";;;;
298;Verona 90;6;2022;6;400;312;UFFICI COMUNALI TOP CENTER;;;;
62;Verona 90;6;2022;6;400;312;UFFICI COMUNALI TOP CENTER;;;;
61;Verona 90;6;2022;6;400;312;UFFICI COMUNALI TOP CENTER;;;;
294;Bronzetti 5 posti;5;2022;5;3660;3;"SCUOLA INFANZIA CRISTO RE ""PICCOLO PRINCIPE""";;;;
295;Arco;10;2022;10;3511;5;CAMPO SPORTIVO CAMPO CONI;;;;
296;Arco;10;2022;10;3511;5;CAMPO SPORTIVO CAMPO CONI;;;;
471;Archetto;2;2024;6;1400;12;;;;;
473;Archetto;2;2024;10;450;4;;;;;
474;Archetto;2;2024;24;1400;36;;;;;
500;A pavimento 5 posti;1;2025;5;8023;15;;;;;
472;Archetto;2;2024;6;1400;18;;;;;
277;Archetto;2;2024;18;3360;25;;;;;
276;Archetto;2;2024;10;3360;25;;;;;
306;Metallo 4 posti;4;2022;8;190;18;FARMACIE COMUNALI;;;;
307;Con gancio 7 posti;7;2022;14;3822;3;UFFICI COMUNALI MASO SMALZ;;;;
308;Androna;4;2022;4;3822;3;UFFICI COMUNALI MASO SMALZ;;;;
315;Bronzetti 7 posti;7;2022;7;780;2;UFFICI COMUNALI;;;;
274;Metallo 4 posti;4;2022;4;3490;6;;;;;
316;Bronzetti 7 posti;7;2022;7;780;2;UFFICI COMUNALI;;;;
317;Metallo 3 posti;3;2022;3;8603;1;UFFICI COMUNALI;;;;
319;Arco;6;2022;6;4068;;GIARDINO;;;;
484;Archetto;2;2024;30;1460;3;"SCUOLA SECONDARIA ""A. MANZONI""";;;;
318;Volta;4;2022;4;3525;;PARCO;;;;
326;Con gancio doppia;5;2022;20;2540;;PIAZZALE;;;;
25;Metallo 4 posti;4;2022;60;530;13;CAMERA DI COMMERCIO;;;;
334;Verona 90;6;2022;6;1230;8;;;;;
327;Bronzetti 7 posti;7;2022;7;3803;4;"SUOLA PRIMARIA ""MADONNA BIANCA""";;;;
335;Verona 90;6;2022;6;1230;8;;;;;
333;Verona 90;6;2022;6;1230;8;;;;;
332;Metallo 4 posti;4;2022;12;2670;40;;;;;
336;2 posti doppia;4;2022;4;1750;5;;;;;
320;Androna;4;2022;8;1120;21;"CIRCOLO TENNIS ""ATA BATTISTI""";;;;
323;A pavimento 7 posti;7;2022;7;1120;11;"PALAZZETTO DELLO SPORT ""BLM GROUP ARENA""";;;;
324;A pavimento 5 posti;5;2025;5;1120;11;"PALAZZETTO DELLO SPORT ""BLM GROUP ARENA""";;;;
515;Pietra 1 posto;1;2025;18;1120;11;"PALAZZETTO DELLO SPORT ""BLM GROUP ARENA""";;;;
280;Bronzetti 5 posti;5;2022;10;2290;1;"CONSERVATORIO MUSICA ""F.A. BONPORTI""";;;;
301;Bronzetti 7 posti;7;2022;21;3510;61;"SCUOLA SECONDARIA ""BRONZETTI-SEGANTINI""";;;;
302;Bronzetti 7 posti;7;2022;7;3510;61;"SCUOLA SECONDARIA ""BRONZETTI-SEGANTINI""";;;;
309;Archetto;2;2022;16;1160;2;"SCUOLA PRIMARIA ""A. NICOLODI""";;;;
310;Bronzetti 5 posti;5;2022;5;1160;2;"SCUOLA PRIMARIA ""A. NICOLODI""";;;;
311;Archetto;2;2022;16;1160;2;"SCUOLA PRIMARIA ""A. NICOLODI""";;;;
312;4 posti doppia;4;2022;8;1050;13;"SCUOLA PRIMARIA ""CLARINA""";;;;
461;Archetto;2;2024;16;3511;;;;;;
476;Archetto;2;2024;10;1970;11;;;;;
477;Archetto;2;2024;10;500;2;;;;;
480;Archetto;2;2024;8;3290;31;;;;;
478;Archetto;2;2024;10;1460;1;;;;;
483;Archetto;2;2024;10;460;17;;;;;
482;Archetto;2;2024;22;3400;39;;;;;
481;Archetto;2;2024;8;3350;38;;;;;
479;Archetto;2;2024;16;1460;16;;;;;
485;Archetto;2;2024;6;1760;28;;;;;
486;Archetto;2;2024;6;1870;;;;;;
487;Archetto;2;2024;8;4056;;;;;;
353;Metallo 5 posti;5;2023;5;8039;4;BIBLIOTECA COMUNALE;;;;
512;Archetto;2;2025;20;3770;7;TRENTINELLO;;;;
513;Archetto;2;2025;20;8023;24;SOPRAMONTE;;;;
514;Archetto;2;2025;12;4092;;PALESTRA BOCCHI;;;;
475;Archetto;2;2024;10;1120;17;;;;;
511;Archetto;2;2025;10;3020;23;CENTRO SPORTIVO PIEDICASTELLO-VELA;;;;
322;A pavimento 5 posti;5;2022;5;1120;1;"PALAZZETTO DELLO SPORT ""BLM GROUP ARENA""";;;;
321;Pietra 1 posto;1;2022;12;1120;11;"PALAZZETTO DELLO SPORT ""BLM GROUP ARENA""";;;;
516;A pavimento 5 posti;5;2025;5;1120;11;"PALAZZETTO DELLO SPORT ""BLM GROUP ARENA""";;;;
517;A pavimento 5 posti;5;2025;5;1120;11;"PALAZZETTO DELLO SPORT ""BLM GROUP ARENA""";;;;
518;Archetto;2;2025;6;4071;;;;;;
519;Archetto;2;2025;8;4071;;;;;;
501;Bronzetti 7 posti;7;2025;7;6450;1;;;;;
522;Archetto;2;2025;30;3390;3;"SCUOLA PRIMARIA ""LA VELA""";;;;
523;Verona 90;1;2025;6;6005;13;;;;;
524;Verona 90;1;2025;6;6005;13;;;;;
525;Metallo 4 posti;4;2025;4;7190;;;;;;
526;Metallo 4 posti;4;2025;4;7190;;;;;;
527;Archetto;2;2025;14;1120;;"PALAZZETTO DELLO SPORT ""BLM GROUP ARENA""";;;;
528;Archetto;2;2025;12;3250;;CAMPO CALCIO SAN BARTOLOMEO;;;;
529;Archetto;2;2025;12;8023;;CENTRO SPORTIVO SOPRAMONTE;;;;
530;Archetto;2;2025;16;1120;;CAMPO BASEBALL;;;;
71;Archetto;2;2023;10;5903;;;;;;
414;Bronzetti 7 posti;7;2023;7;7901;;PARCO MATTARELLO;;;;
531;Verona 90;5;2026;20;1700;6;;;;;
538;Verona 90;5;2026;5;2590;6;;;;;
532;Verona 90;5;2026;30;1700;2;;;;;
254;Metallo 5 posti;9;2022;27;3350;79;;;;;
536;Verona 90;5;2026;5;240;3;UFFICI COMUNALI PALAZZO THUN;;;;
535;Verona 90;5;2026;10;240;3;UFFICI COMUNALI PALAZZO THUN;;;;
534;Verona 90;5;2026;20;2640;82;BIBLIOTECA;;;;
539;Verona 90;5;2026;5;820;2;;;;;
540;Verona 90;5;2026;10;380;;;;;;
541;Verona 90;5;2026;10;3320;14;UFFICI COMUNALI;;;;
543;Verona 90;5;2026;10;1130;17;UFFICI COMUNALI;;;;
544;Verona 90;5;2026;10;3320;6;;;;;
545;Verona 90;5;2026;20;3320;12;"SCUOLA INFANZIA ""TORRIONE""";;;;
546;Verona 90;5;2026;5;1080;40;;;;;
533;Verona 90;5;2026;10;1700;72;;;;;
547;Verona 90;5;2026;10;1700;80;;;;;
548;Archetto;2;2026;20;1050;13;;;;;
549;Verona 90;5;;20265;1550;21;;;;;
537;Verona 90;5;2026;10;1710;61;;;;;
542;Verona 90;5;2026;5;1130;17;UFFICI COMUNALI;;;;
550;Verona 90;5;2026;5;230;16;;;;;
551;Verona 90;6;2026;6;240;19;;;;;
552;Archetto;2;2026;6;395;;;;;;
